,cpu_requested,mem_requested,time
0,7673.6254866,6000.03016862,522210644
1,7695.7119169,6010.49789102,942144465
2,7618.2275253,6142.80932812,4019745762
3,7655.4575463,5994.44197632,5270363419
4,7598.12019,5880.63066772,9100880153
